Param,Hd,SE,Ea,SE,delS,delSSE,R2,n,Topt
Jmax,200000.0,0,32218.5464676,3691.99357102,651.86733756,1.23578498812,0.900867566088,10,-245.81310691
Vcmax,200000.0,0,57426.9529451,9897.99074421,650.79789372,2.76046129247,0.904551894534,10,30.6360156269
