Param,Hd,SE,Ea,SE,delS,delSSE,R2,n,Topt
Jmax,200000.0,0,27082.6033794,2480.37171763,648.9508476,0.950069954197,0.949385284676,10,27.8896289332
Vcmax,200000.0,0,55636.2296535,3057.02162348,649.229514271,0.913907788666,0.990737770692,10,31.1913097705
