Param,Hd,SE,Ea,SE,delS,delSSE,R2,n,Topt
Jmax,200000.0,0,29999.9999751,9.22840360829e-06,649.99999998,3.3111068783e-09,1.0,10,-245.286248822
Vcmax,200000.0,0,59999.9999477,2.33986583522e-05,649.999999963,6.63099317321e-09,1.0,10,31.2434162341
