Param,Ea,SE,R2,SSQ,n,Topt
Jmax,4282.03046584,6277.36326243,0.128994740244,0.324210983438,10,-9999.9
Vcmax,29560.5042368,4559.78684097,0.823289322883,0.207497282304,10,-9999.9
