Param,Hd,SE,Ea,SE,delS,delSSE,R2,n,Topt
Jmax,31587.9316954,2096.11136237,200000.0,0,650.043489199,0.7379876623,0.962943986233,10,28.0738178247
Vcmax,41960.5023213,10957.9826151,200000.0,0,638.013319105,7.39211236946,0.847490652,10,34.9980589276
