Param,Ea,SE,Hd,SE,delS,delSSE,Var,R2,SSQ,MSE,DOF,n,Topt,id
Jmax,34621.53248681711,608.377292084074,651.0844189582468,0.2017089501253649,200000.0,0,1.7489938316833335e-05,0.9990815723250394,8.780002975396507e-05,1.7560005950793014e-05,4,5,28.01602780356086,1
Vcmax,77065.09835508151,57818.14664949036,649.7229313152822,15.572736322162013,200000.0,0,0.05148628705481373,0.7638850127190798,0.36705632837866425,0.07341126567573285,4,5,32.84492727205725,1
