Param,Ea,SE,R2,n,Topt
Jmax,4282.57278551,6277.36526276,0.128993409611,10,-9999.9
Vcmax,29560.4936354,4559.78089969,0.823289333356,10,-9999.9
