Param,Ea,SE,Hd,SE,delS,delSSE,Var,R2,SSQ,MSE,DOF,n,Topt,id
Jmax,26732.7910803,3907.63851281,649.867189522,1.46201867289,200000.0,0,0.000799843314754,0.944230789244,0.00444195888926,0.000888391777853,4,5,27.4185599462,1
Vcmax,51406.2754033,7943.10627614,642.695123759,3.52346097676,200000.0,0,0.00263194773069,0.97636009296,0.013159839602,0.0026319679204,4,5,33.8244286257,1
