Param,Hd,SE,Ea,SE,delS,delSSE,R2,n,Topt
Jmax,200000.0,0,29950.7905498,3372.2715255,649.509077941,1.22821381968,0.910747387837,10,28.0790418235
Vcmax,200000.0,0,62832.4071518,4542.6058424,650.326444948,1.25439782834,0.983157609035,10,31.3486068458
