Param,Hd,SE,Ea,SE,delS,delSSE,R2,n,Topt
Jmax,200000.0,0,26730.6990107,1869.96878177,648.971534692,0.718718177981,0.964286032749,10,27.8233388993
Vcmax,200000.0,0,61723.4834257,8941.57266447,651.289369122,2.39762069481,0.93335833923,10,30.8035082278
