Param,Hd,SE,Ea,SE,delS,delSSE,R2,n,Topt
Jmax,200000.0,0,32218.5381411,3691.97989807,651.867333848,1.23577876899,0.900867489107,10,27.3368936097
Vcmax,200000.0,0,57426.9560719,9897.98198538,650.79789378,2.76044494662,0.904551987777,10,30.6360158923
