Param,Ea,SE,Hd,SE,delS,delSSE,Var,R2,SSQ,MSE,DOF,n,Topt,id
Jmax,26732.7765159,3907.64570987,200000.0,0,649.867184248,1.46202615448,0.000799842377153,0.944230783808,0.00444195888923,0.000888391777847,4,5,27.4185599669,1
Vcmax,51406.2745738,7943.09761343,200000.0,0,642.695123456,3.52346141982,0.00263194773096,0.976360092746,0.013159839602,0.0026319679204,4,5,33.8244286833,1
