Param,Hd,SE,Ea,SE,delS,delSSE,R2,n,Topt
Jmax,200000.0,0,29999.9999874,7.26401280171e-05,650.000000025,2.60629033332e-08,1.0,10,-245.28624884
Vcmax,200000.0,0,60000.0001439,0.000187512886376,650.000000031,5.31396552871e-08,1.0,10,31.2434162208
