Jmax,JSE,Vcmax,VSE,Rd,RSE,Tav,Var,R2,SSQ,MSE,DOF,n,Species,Season,Leaf,Curve,Filename,id
115.345484034,7.47518323784,51.9553304486,7.50419747595,2.23073726116,1.53084947857,15.0,2.59536650009,0.971489180521,25.9536650009,2.59536650009,9,10,Potatoes,Summer,1,1,example.csv,PotatoesSummer1
124.095055272,10.0484962142,57.3684376195,8.53742982055,1.76999823853e-05,1.95383206724,20.0,4.47282247902,0.957938847862,44.7294027007,4.47294027007,9,10,Potatoes,Summer,1,2,example.csv,PotatoesSummer1
150.709462909,4.33234678619,90.608079414,9.03434025664,1.2181440967e-08,0.88869161475,25.0,4.08788186482,0.973017395561,41.4508022172,4.14508022172,9,10,Potatoes,Summer,1,3,example.csv,PotatoesSummer1
145.999468163,4.48898807919,119.006073636,15.1287620161,7.36794942835e-08,1.70803868061,30.0,4.07262845167,0.971113726852,41.2872943831,4.12872943831,9,10,Potatoes,Summer,1,4,example.csv,PotatoesSummer1
110.584685226,2.94503131924,124.55760235,23.7193626026,1.99848058102e-08,0.270961605056,35.0,1.56152359913,0.981563538395,16.2188221407,1.62188221407,9,10,Potatoes,Summer,1,5,example.csv,PotatoesSummer1
