Jmax,JSE,Vcmax,VSE,Rd,RSE,Tav,Var,R2,SSQ,MSE,DOF,n,Species,Season,Leaf,Curve,Filename,id
104.63289956029075,8.599633918470811,42.37555892730347,5.28973896355961,1.24579937477165e-08,0.3722331201621479,15.0,2.3326623403827016,0.9684733366682597,23.774881092955567,2.3774881092955567,9,10,b'Potatoes',b'Summer',1,1,example.csv,b'Potatoes'b'Summer'1
129.82509427141417,7.1748643665457426,84.52442488428133,10.317940957971972,0.936072508847386,1.4142226176866262,20.0,2.3794177196988096,0.9793895638626382,23.79417719698809,2.379417719698809,9,10,b'Potatoes',b'Summer',1,2,example.csv,b'Potatoes'b'Summer'1
155.26646369610205,5.732247637244023,91.74934336412906,6.759030690356559,1.595087909246577,1.095938699779696,25.0,1.521436033058983,0.9905710255976844,15.214360330589829,1.521436033058983,9,10,b'Potatoes',b'Summer',1,3,example.csv,b'Potatoes'b'Summer'1
158.80082177254835,10.590006475833965,172.70224794274048,30.8828954887976,1.216809268140826,1.89127236059316,30.0,5.0473373451778665,0.9713247904587539,50.47337345177866,5.0473373451778665,9,10,b'Potatoes',b'Summer',1,4,example.csv,b'Potatoes'b'Summer'1
116.72174602801216,2.878421599319969,116.33106174222345,11.591266288032719,9.1980976169026e-09,0.529278628821145,35.0,1.4457244996746668,0.9853092443278458,15.239281764146071,1.523928176414607,9,10,b'Potatoes',b'Summer',1,5,example.csv,b'Potatoes'b'Summer'1
