Jmax,JSE,Vcmax,VSE,Rd,RSE,Tav,Var,R2,SSQ,MSE,DOF,n,Species,Season,Leaf,Curve,Filename,id
103.764207606,6.64845298537,43.9196873219,5.53224179643,0.17984445994,1.36722808463,15.0,2.05114366406,0.972081617312,20.5114366406,2.05114366406,9,10,Potatoes,Summer,1,1,example.csv,PotatoesSummer1
137.833366547,7.64474107449,69.6159756214,7.59150431439,0.521670144108,1.52138834513,20.0,2.71052967272,0.978920410769,27.1052967272,2.71052967272,9,10,Potatoes,Summer,1,2,example.csv,PotatoesSummer1
148.075457509,8.88343642867,91.3506047641,11.6508002119,5.72199694071e-07,1.05413795869,25.0,4.14094894003,0.972225461465,41.4096224786,4.14096224786,9,10,Potatoes,Summer,1,3,example.csv,PotatoesSummer1
151.488928489,7.88387788301,115.523754217,12.8688613939,1.22913785052,1.43057258115,30.0,2.86621941887,0.981410598553,28.6621941887,2.86621941887,9,10,Potatoes,Summer,1,4,example.csv,PotatoesSummer1
111.867276175,5.17481572839,123.202861558,14.7446005905,0.573491651435,0.874125881565,35.0,1.21562332414,0.985365179498,12.1562332414,1.21562332414,9,10,Potatoes,Summer,1,5,example.csv,PotatoesSummer1
