Jmax,JSE,Vcmax,VSE,Rd,RSE,Tav,R2,n,Species,Season,Leaf,Curve,Filename
98.7616087684,2.45023591618e-07,40.5565419945,1.01411624549e-07,3.86182711543e-08,1.01476551432e-08,15.0,1.0,10,Potatoes,Summer,1,1,example.csv
122.225724747,8.37303847791e-09,62.1433398686,1.62551979047e-08,7.88564308905e-09,8.49237694385e-10,20.0,1.0,10,Potatoes,Summer,1,2,example.csv
150.000000236,4.67541130105e-08,93.7500001208,1.10463038946e-07,2.87069405434e-08,1.05400676192e-08,25.0,1.0,10,Potatoes,Summer,1,3,example.csv
182.017469098,4.49889276108e-07,138.894139423,4.98141692605e-07,1.33965811709e-07,3.64047060639e-08,30.0,1.0,10,Potatoes,Summer,1,4,example.csv
