Jmax,JSE,Vcmax,VSE,Rd,RSE,Tav,Var,R2,SSQ,MSE,DOF,n,Species,Season,Leaf,Curve,Filename,id
106.100008548,0,43.570062317,0,9.8311445651e-09,0,15.0,1.27578116223e-17,1.0,1.51245891624e-16,1.51245891624e-17,9,10,Potatoes,Summer,1,1,example.csv,PotatoesSummer1
106.100008548,0,43.570062317,0,9.8311445651e-09,0,15.0,1.27578116223e-17,1.0,1.51245891624e-16,1.51245891624e-17,9,10,Potatoes,Summer,2,2,example.csv,PotatoesSummer2
129.342269842,0,65.7616115555,0,1.12853100198e-08,0,20.0,1.77483244142e-17,1.0,2.13159504355e-16,2.13159504355e-17,9,10,Potatoes,Summer,1,3,example.csv,PotatoesSummer1
