Jmax,JSE,Vcmax,VSE,Rd,RSE,Tav,Var,R2,SSQ,MSE,DOF,n,Species,Season,Leaf,Curve,Filename,id
106.100008548,0,43.570062317,0,9.8311445651e-09,0,15.0,1.27578116223e-17,1.0,1.51245891624e-16,1.51245891624e-17,9,10,Potatoes,Summer,1,1,example.csv,PotatoesSummer1
129.342269842,0,65.7616115555,0,1.12853100198e-08,0,20.0,1.77483244142e-17,1.0,2.13159504355e-16,2.13159504355e-17,9,10,Potatoes,Summer,1,2,example.csv,PotatoesSummer1
150.000000023,0,93.750000019,0,4.87736384613e-09,0,25.0,3.5361324925e-18,1.0,4.32100806994e-17,4.32100806994e-18,9,10,Potatoes,Summer,1,3,example.csv,PotatoesSummer1
151.26094878,0,115.424411304,0,2.06122263702e-08,0,30.0,6.79988928981e-17,1.0,8.50073420136e-16,8.50073420136e-17,9,10,Potatoes,Summer,1,4,example.csv,PotatoesSummer1
113.206521464,1.80626171519e-08,104.790004076,4.73411663206e-08,1.12126212759e-08,4.32389724362e-10,35.0,2.1153113235e-17,1.0,2.79993007228e-16,2.79993007228e-17,9,10,Potatoes,Summer,1,5,example.csv,PotatoesSummer1
