Jmax,JSE,Vcmax,VSE,Rd,RSE,Tav,R2,n,Species,Season,Plant,Curve,Filename
105.574606848,12.5460324848,46.2691310322,10.9828525744,3.63598552351,2.37172756791,15.054,0.920436831682,10,Crap,Winter,1,1,test.csv
146.973863005,3.82453943537,64.0321816791,2.44636903262,1.8001551034,0.516677965868,25.203,0.995718972691,10,Crap,Winter,1,2,test.csv
178.91013823,2.82854869893,97.2112497066,1.7226202724,2.58139236197,0.285552971214,31.959,0.99873920414,10,Crap,Winter,1,3,test.csv
