Jmax,JSE,Vcmax,VSE,Rd,RSE,Tav,Var,R2,SSQ,MSE,DOF,n,Species,Season,Leaf,Curve,Filename,id
118.677935847,10.2131895041,35.5871852354,3.00203171853,0.43995241666,1.62524849812,15.0,3.17341371753,0.964772317037,31.7341371753,3.17341371753,9,10,Potatoes,Summer,1,1,example.csv,PotatoesSummer1
121.812221095,7.28306312817,81.7184826721,10.9815533856,0.0459216404896,1.42725523157,20.0,2.42904862396,0.976324648236,24.2904862396,2.42904862396,9,10,Potatoes,Summer,1,2,example.csv,PotatoesSummer1
149.5608887,4.07661370757,84.1701928502,5.5477384116,8.31868907092e-09,0.0376690117321,25.0,1.73311821839,0.989487677266,18.0171235285,1.80171235285,9,10,Potatoes,Summer,1,3,example.csv,PotatoesSummer1
144.409907607,4.78368227481,121.974708232,14.4332728226,3.50341444744e-09,0.0919410692356,30.0,2.0313388738,0.98843201384,21.9394144752,2.19394144752,9,10,Potatoes,Summer,1,4,example.csv,PotatoesSummer1
121.31573202,5.1728146693,126.148217924,12.305938647,1.74435468623,0.879896094333,35.0,1.22106556871,0.987440806015,12.2106556871,1.22106556871,9,10,Potatoes,Summer,1,5,example.csv,PotatoesSummer1
