Jmax,JSE,Vcmax,VSE,Rd,RSE,Tav,R2,n,Species,Season,Leaf,Curve,Filename
98.7616086049,1.98048328901e-08,40.556541894,3.10010547567e-08,-2.33993401919e-08,3.26531847257e-09,15.0,1.0,10,Potatoes,Summer,1,1,example.csv
122.225724747,8.37303847791e-09,62.1433398686,1.62551979047e-08,7.88564308905e-09,8.49237694385e-10,20.0,1.0,10,Potatoes,Summer,1,2,example.csv
149.999999895,2.58667305949e-08,93.7499998836,5.93283963124e-08,-1.13492293059e-08,5.69756337107e-09,25.0,1.0,10,Potatoes,Summer,1,3,example.csv
182.017469213,9.25970955524e-08,138.894138625,3.52611422659e-07,6.92044689383e-08,1.98304230959e-08,30.0,1.0,10,Potatoes,Summer,1,4,example.csv
