Jmax,JSE,Vcmax,VSE,Rd,RSE,Tav,Var,R2,SSQ,MSE,DOF,n,Species,Season,Leaf,Curve,Filename,id
106.100008506,0,43.5700622953,0,3.35934835505e-10,0,15.0,1.48972730945e-20,1.0,1.76596773957e-19,1.76596773957e-20,9,10,Potatoes,Summer,1,1,example.csv,PotatoesSummer1
129.34226983,1.08879329132e-08,65.7616115477,1.4901050362e-08,8.60569526751e-09,2.17890726684e-10,20.0,1.05714637916e-17,1.0,1.24041018949e-16,1.24041018949e-17,9,10,Potatoes,Summer,1,2,example.csv,PotatoesSummer1
150.000000072,2.15970554422e-08,93.750000056,2.95546135628e-08,1.45579779343e-08,3.70191819295e-10,25.0,3.45851748741e-17,1.0,3.89578499574e-16,3.89578499574e-17,9,10,Potatoes,Summer,1,3,example.csv,PotatoesSummer1
151.260948772,2.54069078903e-08,115.424411291,5.09273009297e-08,1.83149420074e-08,6.02398495129e-10,30.0,5.77027992185e-17,1.0,6.75500221086e-16,6.75500221086e-17,9,10,Potatoes,Summer,1,4,example.csv,PotatoesSummer1
113.206521471,0,104.790004085,0,1.23804286822e-08,0,35.0,2.65193010309e-17,1.0,3.41104078904e-16,3.41104078904e-17,9,10,Potatoes,Summer,1,5,example.csv,PotatoesSummer1
