Jmax,Vcmax,Jnorm,Vnorm,Rd,Tav,Tarrh,R2,n,Species,Leaf,Curve,Filename,Season,fitgroup
115.34548403399999,51.955330448600002,-0.26742206295058779,-0.55615906625864464,2.2307372611599998,15.0,-0.0001163982798778598,0.97148918052099997,10,Potatoes,1,1,Summer,example.csv,1
124.095055272,57.3684376195,-0.19430604997607173,-0.45704910099090768,1.7699982385300001e-05,20.0,-5.7206488737515486e-05,0.95793884786200001,10,Potatoes,1,2,Summer,example.csv,1
150.709462909,90.608079414000002,0.0,0.0,1.2181440967e-08,25.0,0.0,0.97301739556099998,10,Potatoes,1,3,Summer,example.csv,1
145.99946816299999,119.006073636,-0.031750917704405836,0.27263114493917912,7.3679494283499995e-08,30.0,5.5319420001328275e-05,0.97111372685200004,10,Potatoes,1,4,Summer,example.csv,1
110.584685226,124.55760235,-0.30957228711420776,0.31822489255626296,1.9984805810200001e-08,35.0,0.00010884362922863964,0.98156353839499999,10,Potatoes,1,5,Summer,example.csv,1
