Jmax,Vcmax,Jnorm,Vnorm,Rd,Tav,Tarrh,R2,n,Species,Leaf,Curve,Filename,Season,fitgroup
118.677935847,35.5871852354,-0.23129018951023672,-0.86085524666245183,0.43995241666000001,15.0,-0.0001163982798778598,0.96477231703699995,10,Potatoes,1,1,Summer,example.csv,1
121.812221095,81.718482672099995,-0.2052229045483667,-0.029560652042236703,0.045921640489599999,20.0,-5.7206488737515486e-05,0.97632464823599996,10,Potatoes,1,2,Summer,example.csv,1
149.56088869999999,84.170192850199996,0.0,0.0,8.3186890709200008e-09,25.0,0.0,0.98948767726599995,10,Potatoes,1,3,Summer,example.csv,1
144.40990760700001,121.974708232,-0.035047755846219872,0.37097285924826168,3.5034144474399998e-09,30.0,5.5319420001328275e-05,0.98843201384000001,10,Potatoes,1,4,Summer,example.csv,1
121.31573202,126.14821792399999,-0.20930708951173232,0.40461669392477495,1.7443546862299999,35.0,0.00010884362922863964,0.98744080601499995,10,Potatoes,1,5,Summer,example.csv,1
