Jmax,Vcmax,Jnorm,Vnorm,Rd,Tav,Tarrh,R2,n,Species,Leaf,Curve,Filename,Season,fitgroup
104.63289956029075,42.37555892730347,-0.394684732020273,-0.7724885744763486,1.24579937477165e-08,15.0,-0.0001163982798778598,0.9684733366682597,10,b'b   "b\'Potatoes\'   "',1,1,b'b   "b\'Summer\'   "',b "b'example.csv' ",1
129.82509427141417,84.52442488428133,-0.17895464567043276,-0.08201978563416933,0.936072508847386,20.0,-5.7206488737515486e-05,0.9793895638626382,10,b'b   "b\'Potatoes\'   "',1,2,b'b   "b\'Summer\'   "',b "b'example.csv' ",1
155.26646369610205,91.74934336412906,0.0,0.0,1.595087909246577,25.0,0.0,0.9905710255976844,10,b'b   "b\'Potatoes\'   "',1,3,b'b   "b\'Summer\'   "',b "b'example.csv' ",1
158.80082177254835,172.70224794274048,0.022507962146973214,0.6325086714136539,1.216809268140826,30.0,5.5319420001328275e-05,0.9713247904587539,10,b'b   "b\'Potatoes\'   "',1,4,b'b   "b\'Summer\'   "',b "b'example.csv' ",1
116.72174602801216,116.33106174222345,-0.28534989832419466,0.23737977665769036,9.1980976169026e-09,35.0,0.00010884362922863964,0.9853092443278458,10,b'b   "b\'Potatoes\'   "',1,5,b'b   "b\'Summer\'   "',b "b'example.csv' ",1
