Vcmax25_1,SE,Vcmax25_2,SE,Vcmax25_3,SE,Vcmax25_4,SE,Vcmax25_5,SE,Vcmax25_6,SE,Rdfac,SE,Jfac,SE,Eaj,SE,delSj,SE,Eav,SE,delSv,SE,Ear,SE,Tav,Var,R2,SSQ,MSE,DOF,n,Species,Season,Leaf,Filename,Topt_J,Topt_V,id
19.5720929643,0.00316238924649,24.767991998,0.00365947233927,23.281881158,0.00351359339966,33.5206782412,0.0047032133311,28.3819595986,0.00411692392085,17.316192467,0.0028935373892,0.0454388574739,1.11155556732e-05,1.47714779641,0.000149465673954,27540.2794831,4.45052331422,643.388766328,0.0024378925283,44009.2665454,11.1096057821,640.093626963,0.00521981282334,21039.9526274,19.5362953141,25.3891203704,2.51346852726e-06,0.99999958405,0.000540397680328,2.50184111263e-06,215,216,Picea  mariana,Cool,1,synthetic_data.csv,30.505596,34.251868,Picea  marianaCool1
